source_id,source_origin_time,source_latitude_deg,source_longitude_deg,source_depth_km,source_magnitude,source_magnitude_type,strike,dip,rake,mechanism_type,solution_source,estimated_quality,zncc,preliminary_estimated_quality,polarity_validation,pred_usable_polarity_count,pred_polarity_match_ratio
7456951,2016-08-31T01:41:49.06Z,42.8007,13.1637,10.8,3.1,ML,267,15,-84,normal,model_prediction,moderate,0.822960079,moderate,strong,12,0.75
11535771,2016-12-14T13:40:32.76Z,43.018,13.0702,8.9,3.7,ML,145,27,-100,normal,model_prediction,moderate,0.848834872,moderate,acceptable,14,0.642857143
7498771,2016-08-31T21:42:52.17Z,42.776,13.168,9.8,3.5,ML,174,25,-75,normal,model_prediction,moderate,0.857467473,high,acceptable,15,0.533333333
7495191,2016-08-31T20:08:02.98Z,42.8213,13.1312,9.5,3.5,ML,358,56,-66,normal,model_prediction,high,0.84518373,high,strong,15,0.733333333
9070811,2016-11-01T18:47:51.02Z,42.7272,13.2168,10,3.4,ML,204,33,-30,strike_slip,model_prediction,high,0.827655911,high,strong,13,0.769230769
7472171,2016-08-31T09:46:16.12Z,42.7562,13.1813,10.3,3.2,ML,348,41,-64,normal,model_prediction,moderate,0.844831944,moderate,acceptable,10,0.7
7733871,2016-09-05T21:36:11.36Z,42.6502,13.3262,9.6,3.5,ML,141,50,-98,normal,model_prediction,high,0.84750545,high,strong,14,0.785714286
15081511,2017-05-01T00:31:19.96Z,42.6352,13.2138,9.9,3,ML,139,41,-139,strike_slip,model_prediction,moderate,0.794231296,moderate,strong,13,0.769230769
11272151,2016-12-09T07:14:29.86Z,43.0167,13.0732,9,3.4,ML,314,44,-73,normal,model_prediction,high,0.830947518,high,strong,15,0.8
11535691,2016-12-14T13:37:32.06Z,43.0158,13.0672,7.5,3.4,ML,342,54,-81,normal,model_prediction,moderate,0.783809006,moderate,strong,12,0.75
10423461,2016-11-23T07:54:45.31Z,43.0428,13.1042,8.2,3.3,ML,104,90,-175,strike_slip,model_prediction,high,0.827907324,high,strong,13,1
9314001,2016-11-05T00:42:06.35Z,42.8292,13.2255,12.5,3.1,ML,163,11,-98,normal,model_prediction,moderate,0.828358173,moderate,strong,11,0.818181818
8817021,2016-10-29T08:48:54.68Z,42.9913,13.058,9.8,3.5,ML,170,25,-54,normal,model_prediction,high,0.833972394,high,strong,9,0.666666667
7972271,2016-09-13T11:04:21.20Z,42.583,13.2008,12.4,3.3,ML,259,67,-154,strike_slip,model_prediction,high,0.821794629,high,strong,16,1
9383611,2016-11-06T03:19:31.53Z,43.0622,13.0602,8.9,3.8,ML,139,50,-103,normal,model_prediction,high,0.84231478,high,strong,15,0.866666667
9271231,2016-11-04T10:48:33.66Z,42.8705,13.1302,7.7,3.2,ML,106,44,-143,strike_slip,model_prediction,high,0.809691787,high,strong,10,0.8
8416531,2016-10-08T08:15:01.89Z,42.7787,13.2012,10.1,3.1,ML,111,66,-60,normal,model_prediction,high,0.825376153,high,strong,14,0.785714286
8641351,2016-10-24T18:41:18.46Z,43.3772,12.5463,5.6,3,ML,340,47,-74,normal,model_prediction,moderate,0.794323623,moderate,acceptable,13,0.692307692
10737031,2016-11-29T01:52:59.60Z,42.8122,12.7623,8.9,3.5,ML,118,37,-106,normal,model_prediction,moderate,0.783208966,moderate,acceptable,13,0.615384615
7508401,2016-09-01T01:55:52.39Z,42.8415,13.1833,15,3.2,ML,206,71,-60,normal,model_prediction,high,0.801100194,high,strong,13,0.846153846
20439031,2018-08-20T18:32:08.84Z,41.8582,14.8452,16.8,3.1,ML,192,80,10,strike_slip,model_prediction,moderate,0.824509263,moderate,acceptable,12,0.833333333
9200991,2016-11-03T11:59:17.71Z,42.908,13.2137,8.8,3.5,ML,333,49,-91,normal,model_prediction,moderate,0.855638504,high,acceptable,10,0.7
9371891,2016-11-05T22:32:05.31Z,42.9472,13.1992,8.4,3.2,ML,148,44,-76,normal,model_prediction,high,0.798186183,high,strong,9,0.777777778
12463831,2017-01-08T13:48:50.65Z,43.2992,12.8228,45.4,3.1,ML,359,63,-74,normal,model_prediction,moderate,0.814315319,high,acceptable,10,0.7
8438051,2016-10-09T04:42:42.40Z,42.7403,13.1853,7.9,3.6,ML,150,51,-93,normal,model_prediction,high,0.866062462,high,strong,13,0.923076923
9533371,2016-11-08T20:00:56.42Z,42.8153,12.7752,8.5,3.2,ML,74,37,-107,normal,model_prediction,high,0.843955815,high,strong,12,1
11510961,2016-12-14T03:54:00.24Z,42.6413,13.3227,8.1,3.8,ML,333,34,-86,normal,model_prediction,moderate,0.857319713,high,acceptable,11,0.727272727
8682271,2016-10-26T23:52:30.19Z,42.8428,13.1647,8.3,3.5,ML,287,53,-102,normal,model_prediction,high,0.842741489,high,strong,13,0.769230769
16258031,2017-07-09T22:39:24.32Z,42.7912,13.1452,9.3,3.1,ML,328,47,-44,strike_slip,model_prediction,high,0.83500886,high,strong,11,0.909090909
8793301,2016-10-28T22:00:16.50Z,42.8033,13.1457,8.9,3.1,ML,167,14,-62,normal,model_prediction,high,0.817953229,high,strong,15,0.733333333
10668731,2016-11-27T19:51:12.10Z,43.0118,13.0725,7.8,3.2,ML,6,38,-13,strike_slip,model_prediction,moderate,0.786838233,moderate,acceptable,14,0.642857143
8436441,2016-10-09T02:47:28.96Z,42.7412,13.1938,8.8,3,ML,299,48,-141,strike_slip,model_prediction,moderate,0.811492085,moderate,acceptable,14,0.714285714
9336941,2016-11-05T08:25:30.15Z,42.6742,13.1788,11.3,3,ML,322,57,-94,normal,model_prediction,moderate,0.833045423,moderate,strong,11,0.909090909
10332511,2016-11-21T17:42:27.17Z,42.9753,13.0792,8.3,3,ML,342,40,-78,normal,model_prediction,moderate,0.809969306,moderate,strong,10,0.8
10743081,2016-11-29T04:49:56.56Z,43.0097,13.0677,8,3,ML,19,89,-14,strike_slip,model_prediction,moderate,0.8064394,moderate,acceptable,11,0.727272727
8157641,2016-09-21T07:07:24.02Z,42.803,13.1547,8.8,3.4,ML,249,21,-21,strike_slip,model_prediction,moderate,0.846701503,high,acceptable,9,0.666666667
10239411,2016-11-20T01:41:52.49Z,42.6395,13.2127,9.5,3.2,ML,358,73,-81,normal,model_prediction,high,0.864593863,high,strong,12,0.75
17347791,2017-10-15T16:43:32.59Z,42.8178,13.0733,7.8,3.2,ML,307,73,-50,normal,model_prediction,high,0.813794136,high,strong,10,0.9
7648851,2016-09-03T21:20:16.49Z,42.7813,13.1192,7.3,3.1,ML,330,43,-88,normal,model_prediction,high,0.824640155,high,strong,15,0.8
11041921,2016-12-04T20:22:20.58Z,43.0415,13.0985,7.8,3.5,ML,106,86,-174,strike_slip,model_prediction,high,0.826149464,high,strong,18,0.944444444
9336551,2016-11-05T08:17:40.92Z,42.6955,13.1488,11,3.4,ML,303,0,69,thrust,model_prediction,high,0.848844349,high,strong,17,0.941176471
15408271,2017-05-19T08:02:08.59Z,42.82,13.1327,10.7,3.3,ML,114,82,-171,strike_slip,model_prediction,high,0.839300931,high,strong,14,0.857142857
13747661,2017-02-21T17:45:38.96Z,42.804,13.1337,10.4,3,ML,119,83,-68,normal,model_prediction,high,0.810545564,high,strong,11,0.727272727
14170691,2017-03-14T17:15:17.53Z,42.3672,13.3422,10,3.2,ML,131,55,-114,normal,model_prediction,high,0.865471125,high,strong,10,0.8
9862071,2016-11-13T23:01:51.95Z,42.9473,13.082,8.5,3.2,ML,333,43,-102,normal,model_prediction,high,0.868297458,high,strong,8,0.75
10742131,2016-11-29T04:25:21.11Z,43.0113,13.069,7.9,3,ML,320,77,-83,normal,model_prediction,moderate,0.806249797,moderate,acceptable,12,0.666666667
10657771,2016-11-27T16:16:39.97Z,43.0098,13.0782,7.6,3.3,ML,86,60,-149,strike_slip,model_prediction,high,0.809705436,high,strong,11,0.818181818
12394941,2017-01-05T11:34:18.30Z,42.9633,13.0697,9.4,3.3,ML,202,64,-44,strike_slip,model_prediction,moderate,0.796973825,moderate,strong,10,0.9
6382251,2016-01-18T10:37:16.63Z,42.4983,13.3287,12.9,3.3,ML,299,50,-75,normal,model_prediction,high,0.870959401,high,strong,8,1
8510061,2016-10-14T04:09:20.31Z,42.6308,13.3132,8.7,3.3,ML,139,36,-99,normal,model_prediction,moderate,0.863323689,moderate,acceptable,8,0.75
10028411,2016-11-16T11:59:36.81Z,43.032,13.0963,7.9,3.1,ML,300,45,-159,strike_slip,model_prediction,moderate,0.797191799,moderate,strong,15,0.933333333
9729701,2016-11-12T03:54:59.67Z,43.0062,13.0718,8.1,3.1,ML,305,76,-129,normal,model_prediction,moderate,0.784774899,moderate,acceptable,10,0.6
8743411,2016-10-28T00:14:03.26Z,42.9598,13.0795,9.3,3.3,ML,186,12,-36,strike_slip,model_prediction,moderate,0.835517883,high,acceptable,10,0.6
7088871,2016-08-24T06:27:00.36Z,42.8047,13.1672,7.4,3.2,ML,210,21,-48,normal,model_prediction,high,0.838248193,high,strong,9,1
14880931,2017-04-20T04:15:32.55Z,42.7737,13.0658,10.3,3,ML,201,31,-36,strike_slip,model_prediction,moderate,0.839001775,moderate,acceptable,12,0.75
21307351,2018-12-29T23:52:48.89Z,41.8682,12.7802,9.8,3.2,ML,312,43,-97,normal,model_prediction,moderate,0.848988533,high,acceptable,10,0.6
12864121,2017-01-22T00:39:43.44Z,42.4763,13.2492,12.1,3.4,ML,315,43,-121,normal,model_prediction,high,0.85424161,high,strong,12,0.666666667
15697501,2017-06-04T02:59:20.26Z,42.7877,13.1568,9.6,3,ML,237,24,-153,strike_slip,model_prediction,moderate,0.812053263,high,acceptable,13,0.615384615
14949121,2017-04-24T00:48:46.92Z,42.4527,13.3277,11.1,2.9,ML,142,57,-96,normal,model_prediction,high,0.849593759,high,strong,9,0.777777778
8090071,2016-09-18T01:55:35.97Z,42.6743,13.2857,9.5,3.2,ML,80,47,-139,strike_slip,model_prediction,high,0.838787615,high,strong,8,0.75
23485211,2019-11-25T11:15:21.12Z,41.0637,14.7467,10.5,3.1,ML,286,79,165,strike_slip,model_prediction,moderate,0.839672923,moderate,strong,8,1
10262621,2016-11-20T11:52:19.23Z,42.942,13.1572,10.4,3.2,ML,174,24,-89,normal,model_prediction,high,0.853861928,high,strong,12,0.916666667
10655971,2016-11-27T15:41:07.73Z,43.0067,13.0773,8,3.1,ML,298,73,-108,normal,model_prediction,moderate,0.796738386,high,acceptable,11,0.727272727
11138771,2016-12-06T15:19:41.17Z,43.0073,13.0732,8,3,ML,157,30,-92,normal,model_prediction,moderate,0.78720963,moderate,strong,12,0.833333333
11228201,2016-12-08T08:32:40.83Z,42.8317,13.0312,9.1,3.4,ML,325,69,-93,normal,model_prediction,high,0.821658611,high,strong,9,0.888888889
7225751,2016-08-26T05:08:54.81Z,42.6178,13.2965,8.4,3.3,ML,162,37,-83,normal,model_prediction,high,0.843034625,high,strong,10,0.8
8978771,2016-10-31T15:55:27.75Z,42.9057,13.1423,9.3,3.3,ML,333,45,-78,normal,model_prediction,moderate,0.831470609,high,acceptable,11,0.818181818
12755441,2017-01-19T14:42:00.59Z,42.591,13.295,8.1,3.3,ML,331,33,-85,normal,model_prediction,moderate,0.873511076,high,acceptable,8,0.625
13738761,2017-02-21T09:29:30.19Z,42.6077,13.2282,10.4,3.2,ML,162,18,-71,normal,model_prediction,high,0.862066746,high,strong,10,0.9
22063261,2019-04-17T03:46:49.31Z,42.9103,12.6272,8.2,3.2,ML,134,57,-81,normal,model_prediction,high,0.858543992,high,strong,8,1
12708991,2017-01-18T14:01:09.07Z,42.6097,13.3095,7.7,3.8,ML,330,38,-84,normal,model_prediction,moderate,0.873344064,high,acceptable,10,0.6
10721761,2016-11-28T16:21:42.14Z,43.0158,13.0697,8.8,3.6,ML,204,41,-8,strike_slip,model_prediction,moderate,0.805805862,high,acceptable,12,0.666666667
9109821,2016-11-02T06:08:48.08Z,43.0333,13.0513,8.9,3.5,ML,357,77,-44,strike_slip,model_prediction,moderate,0.796377122,high,acceptable,10,0.6
9637351,2016-11-10T16:03:14.32Z,42.651,13.2063,10,3.3,ML,169,62,-58,normal,model_prediction,moderate,0.816069067,high,acceptable,11,0.727272727
19407171,2018-05-20T16:43:40.50Z,43.0715,13.0093,8,3,ML,192,63,-34,strike_slip,model_prediction,high,0.822113454,high,strong,12,0.916666667
20625441,2018-09-09T02:22:30.91Z,41.3172,14.6788,10.4,3,ML,157,20,-93,normal,model_prediction,moderate,0.876261353,moderate,acceptable,11,0.727272727
16074011,2017-06-27T07:23:19.58Z,42.8377,12.706,7.5,3.2,ML,146,36,-82,normal,model_prediction,high,0.854004145,high,strong,12,1
17331101,2017-10-14T02:02:18.50Z,42.8213,13.0755,8.9,3.2,ML,244,45,-128,normal,model_prediction,high,0.813561201,high,strong,11,0.818181818
8927111,2016-10-31T00:45:31.63Z,42.8028,13.0942,10.7,3.2,ML,242,33,-55,normal,model_prediction,high,0.830937028,high,strong,13,0.923076923
7524421,2016-09-01T09:40:29.42Z,42.8127,13.2392,9.7,3.1,ML,199,43,-54,normal,model_prediction,moderate,0.830934882,high,acceptable,11,0.727272727
15965551,2017-06-20T01:37:12.66Z,44.2038,11.5167,27.6,3.7,ML,291,40,86,thrust,model_prediction,moderate,0.803950548,high,acceptable,8,0.625
8934351,2016-10-31T02:49:41.51Z,43.0672,13.0597,7.8,3.6,ML,324,39,-103,normal,model_prediction,high,0.866339803,high,strong,10,1
6230041,2015-11-11T18:13:37.64Z,43.9107,12.5342,43.4,3.5,ML,333,90,89,thrust,model_prediction,high,0.843298197,high,strong,13,0.923076923
12719601,2017-01-18T18:03:47.55Z,42.5912,13.3113,8.5,3.3,ML,129,51,-89,normal,model_prediction,high,0.836419106,high,strong,12,0.916666667
18777191,2018-04-12T21:59:19.03Z,43.0533,13.0388,8.2,3.3,ML,339,42,-75,normal,model_prediction,moderate,0.8387326,high,acceptable,14,0.714285714
12405011,2017-01-05T22:13:27.79Z,43.0572,13.0577,7.6,3,ML,344,47,-28,strike_slip,model_prediction,moderate,0.784888864,moderate,acceptable,10,0.7
16702351,2017-08-13T15:43:39.43Z,42.7933,13.2348,13.8,3,ML,325,56,-94,normal,model_prediction,high,0.79233098,high,strong,11,0.909090909
13930881,2017-03-02T22:41:45.80Z,42.4982,13.293,12.7,2.9,ML,125,63,-93,normal,model_prediction,moderate,0.821896255,high,acceptable,11,0.545454545
6068821,2015-09-13T01:04:34.97Z,43.6047,11.2303,8.9,3.8,ML,337,41,-43,strike_slip,model_prediction,high,0.860021412,high,strong,12,0.916666667
12043621,2016-12-26T19:56:44.45Z,42.929,13.2037,9,3.5,ML,2,38,-3,strike_slip,model_prediction,high,0.791453362,high,strong,11,0.727272727
14169541,2017-03-14T15:57:13.10Z,42.9148,13.1483,8.5,3.5,ML,152,45,-90,normal,model_prediction,high,0.843976617,high,strong,16,0.8125
8401011,2016-10-07T07:46:06.50Z,42.8983,13.2423,7.8,3.2,ML,176,58,-83,normal,model_prediction,high,0.851304889,high,strong,10,0.8
9173051,2016-11-03T02:38:32.75Z,42.9683,13.1408,9.1,3.2,ML,329,40,-102,normal,model_prediction,high,0.850880742,high,strong,8,0.75
9238521,2016-11-04T00:17:32.06Z,42.8652,13.0787,9.2,3.2,ML,112,15,-101,normal,model_prediction,high,0.840320051,high,strong,8,0.75
18969331,2018-04-23T05:07:12.01Z,43.786,12.0277,8.4,3,ML,83,42,-141,strike_slip,model_prediction,high,0.846810579,high,strong,9,1
9161631,2016-11-02T22:57:03.14Z,42.7017,13.2197,9.3,3,ML,141,54,-93,normal,model_prediction,moderate,0.808538616,moderate,strong,14,0.785714286
774071,2012-05-20T03:02:47.09Z,44.8597,11.152,9.1,5,ML,282,57,96,thrust,model_prediction,moderate,0.786914945,moderate,strong,15,0.933333333
9919961,2016-11-14T19:49:52.12Z,42.9453,13.1527,10.5,3.9,ML,314,66,-129,normal,model_prediction,high,0.819497228,high,strong,16,0.875
11109121,2016-12-06T02:13:49.10Z,40.5508,15.8238,16.3,3.8,ML,317,54,-60,normal,model_prediction,high,0.863600969,high,strong,14,0.785714286
21247081,2018-12-21T17:50:45.20Z,43.5742,12.3357,8,3.5,ML,142,24,-69,normal,model_prediction,moderate,0.81688875,high,acceptable,13,0.692307692
9209331,2016-11-03T14:41:29.86Z,42.9937,13.0745,8.7,3.5,ML,333,60,-105,normal,model_prediction,high,0.837047219,high,strong,12,0.75
23485001,2019-11-25T10:27:32.85Z,41.0643,14.742,10.2,3.2,ML,287,85,178,strike_slip,model_prediction,high,0.831654608,high,strong,8,1
23133641,2019-09-22T01:28:40.01Z,42.8225,13.1958,9.6,3,ML,107,13,-140,strike_slip,model_prediction,moderate,0.850391328,moderate,strong,17,0.705882353
19578011,2018-06-02T03:13:00.27Z,42.7962,13.1127,8.7,2.9,ML,14,52,-115,normal,model_prediction,high,0.812880039,high,strong,15,0.8
9869761,2016-11-14T01:33:43.97Z,42.8587,13.1562,10.9,4.1,ML,156,26,-69,normal,model_prediction,high,0.8628093,high,strong,14,0.857142857
8675281,2016-10-26T21:24:51.71Z,42.8713,13.0742,9.7,3.7,ML,314,62,-112,normal,model_prediction,high,0.840314627,high,strong,9,1
8788161,2016-10-28T19:56:31.22Z,42.8617,13.1555,9.4,3.8,ML,9,60,-69,normal,model_prediction,high,0.838442445,high,strong,12,0.666666667
11689791,2016-12-17T23:54:11.86Z,42.926,13.1607,8.3,3.4,ML,98,58,-125,normal,model_prediction,high,0.816971719,high,strong,11,0.818181818
23606041,2019-12-16T08:53:59.47Z,41.0573,14.7397,10.7,3.4,ML,15,81,-3,strike_slip,model_prediction,high,0.837353945,high,strong,11,0.818181818
22428821,2019-06-10T13:17:09.78Z,42.6048,13.2723,10.6,3.1,ML,331,60,-84,normal,model_prediction,high,0.880495787,high,strong,11,0.909090909
15794691,2017-06-09T17:11:05.92Z,43.1283,11.014,9.4,3,ML,94,70,-132,normal,model_prediction,moderate,0.821433663,moderate,strong,15,1
16709121,2017-08-14T06:45:01.83Z,42.6107,13.2252,10.2,3,ML,325,76,-96,normal,model_prediction,high,0.854613125,high,strong,12,0.666666667
18616651,2018-04-05T08:44:19.52Z,43.0657,13.0298,8,3,ML,107,90,-176,strike_slip,model_prediction,moderate,0.795214772,high,acceptable,17,0.647058824
9257021,2016-11-04T06:13:11.71Z,42.7862,13.1402,10,3,ML,126,23,-96,normal,model_prediction,high,0.811548352,high,strong,11,0.727272727
10455881,2016-11-23T21:11:17.45Z,42.7137,13.2708,14.2,3.8,ML,179,20,-52,normal,model_prediction,high,0.843705654,high,strong,11,0.909090909
18675521,2018-04-10T03:46:15.50Z,43.0632,13.0448,8.1,3.5,ML,285,41,-97,normal,model_prediction,high,0.83214128,high,strong,12,0.833333333
8923981,2016-10-30T23:52:29.62Z,42.7768,13.1083,10.6,3.4,ML,348,0,90,thrust,model_prediction,moderate,0.852318048,high,acceptable,14,0.642857143
8926271,2016-10-31T00:30:30.94Z,42.7447,13.1153,11,3.4,ML,161,22,-54,normal,model_prediction,high,0.808526516,high,strong,13,0.769230769
16656171,2017-08-08T22:58:38.77Z,43.0588,13.3015,21.2,3.2,ML,314,89,27,strike_slip,model_prediction,high,0.804501593,high,strong,14,0.785714286
11212081,2016-12-08T00:58:54.73Z,43.0235,13.0373,8.4,3,ML,144,51,-96,normal,model_prediction,high,0.849320769,high,strong,8,0.875
4704171,2014-12-19T18:37:01.80Z,43.6097,11.2005,8.3,3.5,ML,100,40,-104,normal,model_prediction,high,0.866302967,high,strong,11,1
4687911,2014-12-19T00:09:05.91Z,43.6032,11.2295,9.2,3.3,ML,94,71,-149,strike_slip,model_prediction,high,0.829833329,high,strong,15,0.933333333
5808151,2015-07-21T23:07:25.09Z,44.0422,10.9682,56,3.1,ML,272,85,130,thrust,model_prediction,moderate,0.799681365,moderate,acceptable,10,0.6
8871711,2016-10-30T09:04:45.32Z,42.6932,13.2182,10.3,3.5,ML,335,41,-85,normal,model_prediction,moderate,0.814338565,moderate,acceptable,8,0.5
9111611,2016-11-02T06:41:13.02Z,42.79,13.1668,9.4,3.5,ML,345,32,-52,normal,model_prediction,high,0.805340409,high,strong,12,0.833333333
9787761,2016-11-12T23:55:36.45Z,42.8165,13.0963,10.7,3.1,ML,344,56,-96,normal,model_prediction,high,0.832005382,high,strong,11,0.636363636
21063921,2018-11-06T18:50:17.85Z,42.2727,12.8383,9.9,3.4,ML,7,36,-26,strike_slip,model_prediction,moderate,0.82531774,high,acceptable,15,0.666666667
8920001,2016-10-30T22:47:03.24Z,42.807,13.1902,10.2,3.4,ML,318,25,-141,strike_slip,model_prediction,high,0.834749162,high,strong,13,0.769230769
10740261,2016-11-29T03:35:34.32Z,42.7622,13.2433,12.6,3.6,ML,339,0,60,thrust,model_prediction,moderate,0.786045194,moderate,strong,16,0.75
6768331,2016-05-31T09:22:31.47Z,42.7342,11.8587,5.8,3.4,ML,157,56,-24,strike_slip,model_prediction,high,0.790462434,high,strong,11,0.909090909
7390701,2016-08-29T17:52:22.48Z,42.8548,13.2182,8.7,3.2,ML,186,75,-7,strike_slip,model_prediction,high,0.814568162,high,strong,11,1
1782231,2013-03-09T02:54:19.47Z,42.4662,13.4813,15,3.4,ML,357,65,-9,strike_slip,model_prediction,high,0.823534966,high,strong,8,1
12565131,2017-01-12T00:32:05.75Z,41.5032,14.621,10,3.1,ML,141,43,-66,normal,model_prediction,moderate,0.837020278,moderate,strong,10,0.7
14678201,2017-04-09T07:27:56.10Z,42.4703,13.266,13.5,2.6,ML,343,70,-26,strike_slip,model_prediction,moderate,0.785090208,moderate,strong,10,0.9
2818171,2013-12-20T13:08:58.71Z,41.6835,14.8035,18.7,3.8,ML,157,90,10,strike_slip,model_prediction,high,0.798209548,high,strong,12,1
13759601,2017-02-22T04:30:16.31Z,42.6078,13.2253,10.9,3.5,ML,338,60,-86,normal,model_prediction,high,0.868170679,high,strong,11,0.909090909
7141941,2016-08-24T23:24:55.97Z,42.7482,13.2218,9.4,3.4,ML,313,45,-111,normal,model_prediction,moderate,0.851659358,high,acceptable,11,0.545454545
7092911,2016-08-24T07:53:01.40Z,42.8067,13.1682,9.6,3.3,ML,174,23,-99,normal,model_prediction,high,0.861026049,high,strong,14,0.785714286
19640321,2018-06-07T11:12:26.47Z,42.6933,13.1507,10.2,2.9,ML,309,0,70,thrust,model_prediction,high,0.814978361,high,strong,12,1
8669361,2016-10-26T19:18:05.91Z,42.902,13.1277,9.2,4.5,ML,159,50,-90,normal,model_prediction,high,0.869557381,high,strong,12,0.833333333
11272441,2016-12-09T07:21:50.20Z,44.3328,10.4815,9.6,3.9,ML,311,45,-94,normal,model_prediction,high,0.869980991,high,strong,10,0.7
23332041,2019-10-26T13:20:39.15Z,39.6795,15.4032,9.4,3.3,ML,231,85,-3,strike_slip,model_prediction,high,0.821218729,high,strong,8,1
12771041,2017-01-20T00:09:16.43Z,42.5338,13.2997,9.6,3.1,ML,121,13,-94,normal,model_prediction,moderate,0.804255724,moderate,acceptable,14,0.785714286
21037791,2018-11-01T05:28:28.84Z,42.7812,12.7273,7.5,3,ML,341,45,-84,normal,model_prediction,high,0.836803615,high,strong,11,0.909090909
781611,2012-05-20T10:59:17.57Z,44.875,11.3315,8.4,3.5,ML,252,38,84,thrust,model_prediction,high,0.798256636,high,strong,8,1
5743241,2015-07-08T03:31:31.27Z,42.0848,15.4915,20.9,3,ML,252,48,100,thrust,model_prediction,moderate,0.784438074,moderate,strong,8,1
9204661,2016-11-03T13:10:45.66Z,42.6875,13.1698,12.9,3.7,ML,322,57,-100,normal,model_prediction,high,0.87002641,high,strong,15,0.8
6564571,2016-04-04T17:36:27.20Z,41.543,14.6272,14.6,3.1,ML,123,26,-109,normal,model_prediction,moderate,0.875255466,high,acceptable,10,0.5
7416901,2016-08-30T05:40:27.85Z,42.6697,13.1892,11.2,2.4,ML,326,75,-96,normal,model_prediction,moderate,0.787084997,moderate,acceptable,13,0.615384615
7618521,2016-09-03T07:01:35.21Z,42.7447,13.2343,12.1,2.6,ML,333,32,-144,strike_slip,model_prediction,moderate,0.829891682,high,acceptable,17,0.705882353
8663041,2016-10-26T17:10:36.15Z,42.8788,13.1272,9.3,4.5,ML,165,37,-90,normal,model_prediction,high,0.875492215,high,strong,11,1
1983471,2013-05-04T05:11:06.30Z,44.8693,11.5212,11.1,3.8,ML,280,49,98,thrust,model_prediction,high,0.797082007,high,strong,8,0.875
22329241,2019-05-25T10:38:02.48Z,44.5363,10.1188,19.7,3.4,ML,347,87,179,strike_slip,model_prediction,high,0.800098598,high,strong,8,0.875
2275991,2013-07-03T17:59:07.58Z,43.4372,13.1262,9,3.3,ML,151,66,-177,strike_slip,model_prediction,high,0.796252549,high,strong,10,0.8
2869711,2013-12-29T01:56:01.25Z,43.3893,12.5232,7.7,3.2,ML,339,24,-47,normal,model_prediction,high,0.827853799,high,strong,8,0.625
20164351,2018-07-25T12:38:52.10Z,42.37,13.3547,8.7,3,ML,10,49,-39,strike_slip,model_prediction,moderate,0.840138078,moderate,strong,15,0.666666667
8865281,2016-10-30T07:13:05.20Z,42.6943,13.2248,10.5,4.2,ML,0,90,-74,normal,model_prediction,moderate,0.822745621,high,acceptable,10,0.6
3806951,2014-06-29T04:24:28.04Z,39.898,15.5877,9,3.8,ML,243,27,1,strike_slip,model_prediction,high,0.837201357,high,strong,13,0.923076923
22657721,2019-07-11T21:50:36.16Z,40.5672,15.6218,15.7,3.2,ML,348,3,85,thrust,model_prediction,high,0.818930984,high,strong,11,1
2817751,2013-12-20T12:14:24.07Z,43.3852,12.5253,7.4,3.2,ML,132,51,-92,normal,model_prediction,high,0.830343485,high,strong,11,0.727272727
5945081,2015-08-14T04:58:35.33Z,45.7882,11.1577,11.1,3.2,ML,211,88,-51,normal,model_prediction,high,0.799153805,high,strong,8,0.75
9042791,2016-11-01T10:47:33.95Z,43.6138,10.9935,8.3,3.2,ML,353,67,6,strike_slip,model_prediction,high,0.801067948,high,strong,10,1
7325951,2016-08-28T06:13:10.48Z,42.6257,13.3113,8.2,2.9,ML,332,42,-84,normal,model_prediction,high,0.857994735,high,strong,9,1
9558691,2016-11-09T06:13:10.71Z,42.6628,13.1912,11.2,3.7,ML,176,36,-60,normal,model_prediction,moderate,0.848361492,high,acceptable,9,0.555555556
2997081,2014-01-23T07:10:02.51Z,43.378,12.5387,5.5,3.3,ML,138,62,-88,normal,model_prediction,high,0.792702019,high,strong,9,0.888888889
1606271,2012-12-13T18:13:39.16Z,42.5757,13.0927,8.2,3.2,ML,300,44,-111,normal,model_prediction,high,0.850251913,high,strong,11,1
2870351,2013-12-29T03:50:53.83Z,43.3917,12.5142,8.2,3.2,ML,330,39,-73,normal,model_prediction,high,0.842408121,high,strong,9,0.888888889
22823731,2019-08-08T05:31:26.99Z,40.7553,15.4858,7.2,3.1,ML,144,41,-69,normal,model_prediction,moderate,0.853683472,moderate,strong,15,0.733333333
780801,2012-05-20T10:12:18.51Z,44.8927,11.1373,6.8,3.9,ML,267,48,93,thrust,model_prediction,moderate,0.789617538,high,acceptable,10,0.7
4702611,2014-12-19T17:27:16.47Z,43.6242,11.2323,7.3,3.6,ML,135,49,-51,normal,model_prediction,high,0.822779894,high,strong,10,0.9
23614031,2019-12-17T23:48:44.37Z,37.8385,14.9353,28.3,3.5,ML,234,21,-39,strike_slip,model_prediction,moderate,0.832704306,high,acceptable,10,0.7
12870911,2017-01-22T04:40:31.62Z,42.5938,13.2277,10,3,ML,320,64,-102,normal,model_prediction,moderate,0.832537532,moderate,strong,10,0.7
2022631,2013-05-09T20:41:22.39Z,39.1767,15.9927,20.5,3.4,ML,242,9,60,thrust,model_prediction,high,0.827570319,high,strong,12,0.916666667
20804471,2018-09-30T06:23:06.03Z,37.6395,14.4932,36.1,3.3,ML,324,74,143,strike_slip,model_prediction,high,0.805884719,high,strong,16,1
9799181,2016-11-13T03:15:52.77Z,42.5393,13.2232,9.8,3.3,ML,153,52,-91,normal,model_prediction,high,0.862320244,high,strong,10,0.8
23444451,2019-11-14T09:55:06.84Z,42.5265,13.3172,14.7,3.2,ML,357,72,-39,strike_slip,model_prediction,high,0.829761982,high,strong,15,1
21180131,2018-12-04T07:30:45.71Z,41.7608,13.5902,8.6,3.1,ML,324,61,-78,normal,model_prediction,moderate,0.851896882,moderate,strong,12,0.833333333
20872081,2018-10-09T21:08:53.63Z,37.6078,14.904,5.4,3.2,ML,91,85,21,strike_slip,model_prediction,high,0.795758963,high,strong,12,0.916666667
23263431,2019-10-12T12:29:55.33Z,42.4923,13.2968,9.9,3.1,ML,313,1,58,thrust,model_prediction,moderate,0.848854303,high,acceptable,10,0.6
4738841,2014-12-21T17:02:41.10Z,43.6122,11.2282,7.6,3,ML,277,47,-117,normal,model_prediction,moderate,0.834123492,moderate,strong,9,0.888888889
5876081,2015-08-01T20:47:51.65Z,45.9032,10.773,5.2,3.7,ML,359,88,21,strike_slip,model_prediction,high,0.817812622,high,strong,11,0.909090909
12840551,2017-01-21T10:59:28.16Z,42.4577,13.2857,16,3.5,ML,205,76,27,strike_slip,model_prediction,high,0.83178997,high,strong,14,0.928571429
14062121,2017-03-09T17:21:18.77Z,39.0175,15.4692,20,3.3,ML,206,89,-5,strike_slip,model_prediction,moderate,0.826227725,high,acceptable,13,0.692307692
1336861,2012-09-27T08:35:41.05Z,41.1603,14.9328,11.3,3.8,ML,280,56,-126,normal,model_prediction,moderate,0.796927929,high,acceptable,9,0.555555556
2839191,2013-12-23T04:20:38.46Z,38.2152,15.5687,10.3,3.8,ML,21,46,-85,normal,model_prediction,high,0.832678437,high,strong,14,0.928571429
4063201,2014-08-13T00:04:33.58Z,42.988,14.0407,27.5,3.5,ML,343,37,81,thrust,model_prediction,moderate,0.785503507,moderate,strong,8,0.875
6219491,2015-11-07T22:36:04.53Z,37.2548,15.8843,22.8,3.5,ML,177,89,-2,strike_slip,model_prediction,high,0.829709709,high,strong,17,0.941176471
1928939,2009-04-11T05:39:00.20Z,42.386,13.418,10.6,3.3,ML,323,40,-75,normal,model_prediction,high,0.884150743,high,strong,17,0.882352941
7920021,2016-09-11T18:39:02.71Z,42.6813,13.2682,8.3,3.3,ML,144,58,-87,normal,model_prediction,moderate,0.843602538,high,acceptable,14,0.714285714
1335871,2012-09-27T03:47:58.70Z,41.1607,14.9232,10,3.5,ML,285,55,-120,normal,model_prediction,moderate,0.82357949,high,acceptable,8,0.5
1929209,2009-04-11T06:57:02.55Z,42.388,13.405,9.8,3.2,ML,134,51,-89,normal,model_prediction,high,0.878473282,high,strong,9,0.888888889
2144241,2013-06-18T20:25:10.18Z,45.538,10.9777,9.3,3,ML,288,72,156,strike_slip,model_prediction,high,0.800385535,high,strong,10,0.9
22350901,2019-05-29T14:21:53.34Z,37.6667,15.1475,6.7,3,ML,157,88,28,strike_slip,model_prediction,moderate,0.799912095,moderate,strong,12,1
13268161,2017-02-02T21:42:49.58Z,42.5757,13.2468,11.2,2.4,ML,243,12,-23,strike_slip,model_prediction,moderate,0.783240914,moderate,strong,9,0.777777778
17606101,2017-11-10T15:49:05.29Z,37.7658,14.6263,27.7,3.5,ML,52,72,-9,strike_slip,model_prediction,high,0.812453508,high,strong,16,1
4177581,2014-09-08T17:10:17.14Z,41.9657,13.7237,21.3,3.1,ML,245,39,-143,strike_slip,model_prediction,moderate,0.851381421,moderate,strong,10,0.8
5914151,2015-08-08T22:46:24.36Z,38.5513,14.2695,19.5,3.8,ML,358,89,13,strike_slip,model_prediction,high,0.833525777,high,strong,14,1
7307161,2016-08-27T21:31:42.46Z,42.5913,13.2598,11.3,3.4,ML,126,55,-115,normal,model_prediction,high,0.869447827,high,strong,10,0.9
16976111,2017-09-06T12:30:32.48Z,46.2652,11.9988,10.2,3.1,ML,296,72,140,strike_slip,model_prediction,high,0.807919562,high,strong,12,1
10021501,2016-11-16T09:41:02.03Z,43.0308,13.1057,7.4,3,ML,104,87,-180,strike_slip,model_prediction,moderate,0.840503097,moderate,strong,16,0.9375
18726251,2018-04-11T04:48:12.88Z,37.7313,15.9405,42.4,3.7,ML,103,90,-171,strike_slip,model_prediction,high,0.797561288,high,strong,20,0.95
2479599,2012-01-25T17:43:36.47Z,44.867,10.507,28.3,3.6,ML,315,70,19,strike_slip,model_prediction,high,0.805485904,high,strong,8,0.875
6489231,2016-03-07T21:25:17.04Z,37.6197,15.8453,29.9,3.6,ML,19,82,-22,strike_slip,model_prediction,high,0.829734921,high,strong,15,1
12737051,2017-01-19T01:53:07.41Z,42.597,13.3053,8,3.5,ML,160,43,-83,normal,model_prediction,moderate,0.871128678,high,acceptable,8,0.5
6681001,2016-05-07T09:55:32.87Z,37.1202,14.7543,23.7,3.5,ML,129,38,-135,normal,model_prediction,high,0.823384285,high,strong,10,1
2234241,2013-06-29T11:06:51.13Z,44.1717,10.1852,6,3.4,ML,107,46,-57,normal,model_prediction,high,0.852868795,high,strong,8,0.75
23329411,2019-10-26T01:17:51.62Z,37.7403,15.1337,8.8,3.2,ML,126,83,-23,strike_slip,model_prediction,high,0.808974504,high,strong,13,0.923076923
12857281,2017-01-21T20:45:07.56Z,42.604,13.2768,10.7,3.1,ML,306,57,-99,normal,model_prediction,high,0.812856495,high,strong,12,0.75
7083821,2016-08-24T04:55:19.03Z,42.6005,13.2832,7.2,3.1,ML,341,52,-50,normal,model_prediction,moderate,0.837395072,moderate,acceptable,16,0.5
1916339,2009-04-08T23:18:06.52Z,42.386,13.331,11,3.4,ML,129,54,-110,normal,model_prediction,high,0.870597243,high,strong,11,0.727272727
21567571,2019-02-15T09:16:21.84Z,38.8203,16.015,50.2,3.4,ML,345,30,-135,normal,model_prediction,moderate,0.792993665,high,acceptable,9,0.666666667
1917829,2009-04-09T04:29:45.34Z,42.501,13.336,10.3,3.2,ML,111,47,-136,strike_slip,model_prediction,high,0.839491844,high,strong,9,0.777777778
1743171,2013-02-16T09:51:48.82Z,41.2177,15.0147,25.2,3.1,ML,352,67,-144,strike_slip,model_prediction,high,0.814394951,high,strong,12,0.833333333
1832219,2008-07-09T09:47:20.67Z,42.51,13.274,10.6,3.1,ML,354,58,-83,normal,model_prediction,high,0.8694731,high,strong,8,0.75
23822621,2020-01-26T16:26:03.25Z,43.9055,12.6112,25.6,3,ML,299,82,87,thrust,model_prediction,moderate,0.821158648,moderate,acceptable,13,0.615384615
6308241,2015-12-15T15:38:58.18Z,40.6592,15.4795,17.2,3,ML,183,73,53,thrust,model_prediction,high,0.81084156,high,strong,10,0.8
13153191,2017-01-30T08:15:33.24Z,37.6705,14.9935,17.9,3.4,ML,283,66,63,thrust,model_prediction,moderate,0.802925944,high,acceptable,17,0.764705882
13155871,2017-01-30T09:44:56.41Z,37.6673,14.9807,16.4,3.4,ML,85,90,-27,strike_slip,model_prediction,high,0.811246157,high,strong,13,1
20395991,2018-08-17T22:48:42.56Z,41.8717,14.8723,23.2,3.3,ML,172,90,6,strike_slip,model_prediction,high,0.799759924,high,strong,14,1
13156491,2017-01-30T09:59:48.53Z,37.6693,14.9822,18.5,3.3,ML,285,75,53,thrust,model_prediction,moderate,0.801126778,high,acceptable,11,0.818181818
5966231,2015-08-18T05:59:15.41Z,40.6368,15.4432,15.1,3.1,ML,90,39,-135,normal,model_prediction,moderate,0.853769302,moderate,strong,9,0.777777778
2123891,2013-06-10T07:26:34.28Z,41.6137,13.7775,10,3,ML,160,40,-81,normal,model_prediction,moderate,0.869701564,moderate,strong,14,1
3185781,2014-03-12T00:55:38.20Z,37.6482,15.1288,7.2,3,ML,185,84,-10,strike_slip,model_prediction,moderate,0.822269678,moderate,strong,11,0.818181818
6357731,2016-01-09T10:28:56.76Z,40.5248,15.6168,16.4,3,ML,2,66,-41,strike_slip,model_prediction,moderate,0.831349909,moderate,strong,12,1
1247551,2012-08-30T11:09:57.38Z,38.3087,14.8663,23.6,3.5,ML,304,63,-124,normal,model_prediction,high,0.840264916,high,strong,11,0.909090909
23101861,2019-09-17T21:32:34.84Z,37.7413,14.8928,6.9,3.1,ML,140,68,-7,strike_slip,model_prediction,high,0.826313078,high,strong,9,0.888888889
2350239,2011-05-06T03:43:51.81Z,37.791,14.965,24.9,3.1,ML,108,89,-154,strike_slip,model_prediction,high,0.808839798,high,strong,11,1
22878631,2019-08-17T01:43:03.09Z,42.7318,12.545,5.4,3,ML,243,54,-45,normal,model_prediction,high,0.842486024,high,strong,13,0.923076923
23101401,2019-09-17T18:40:49.78Z,37.7435,14.8877,7.5,3,ML,233,83,-176,strike_slip,model_prediction,high,0.826316059,high,strong,11,0.909090909
19985181,2018-07-07T07:11:45.70Z,37.8488,13.9762,6.3,3.7,ML,304,32,-86,normal,model_prediction,high,0.815323949,high,strong,10,1
2350909,2011-05-06T19:28:49.81Z,37.793,14.963,25.7,3.5,ML,260,78,129,thrust,model_prediction,high,0.807997882,high,strong,13,1
12691421,2017-01-17T21:20:37.48Z,38.062,14.7225,6,3.4,ML,66,61,-124,normal,model_prediction,high,0.846750021,high,strong,9,1
4254561,2014-09-28T11:21:07.37Z,44.1703,10.2315,6.5,3.2,ML,169,51,-8,strike_slip,model_prediction,high,0.809343815,high,strong,9,0.777777778
20381061,2018-08-16T23:02:42.48Z,41.8507,14.8733,25.6,3.1,ML,181,72,-2,strike_slip,model_prediction,moderate,0.826916218,moderate,strong,14,0.928571429
5090071,2015-03-13T16:27:08.03Z,41.5267,14.589,15,3,ML,172,15,-45,normal,model_prediction,moderate,0.796640575,moderate,strong,12,0.75
6146711,2015-10-09T00:35:29.16Z,37.7133,15.1663,5,3,ML,98,44,-87,normal,model_prediction,moderate,0.792895675,moderate,strong,11,0.909090909
793641,2012-05-21T16:37:31.36Z,44.8657,11.3055,3.58,4.1,ML,250,33,87,thrust,model_prediction,high,0.793339729,high,strong,10,1
16852251,2017-08-26T20:46:21.21Z,37.6762,14.8948,23.8,3,ML,280,83,24,strike_slip,model_prediction,high,0.834639311,high,strong,12,0.75
844031,2012-05-29T08:25:51.48Z,44.8647,10.9475,7.87,5,ML,278,50,97,thrust,model_prediction,high,0.799474478,high,strong,13,1
22459551,2019-06-15T04:12:45.95Z,46.3967,12.9943,7.5,3.5,ML,261,40,93,thrust,model_prediction,high,0.809352875,high,strong,10,0.9
22805931,2019-08-05T10:16:21.75Z,37.664,13.2203,7.7,3.6,ML,350,83,169,strike_slip,model_prediction,high,0.813560963,high,strong,12,0.833333333
1352561,2012-10-01T21:27:51.75Z,39.9072,16.0048,8.7,3.4,ML,331,43,-99,normal,model_prediction,high,0.876947403,high,strong,8,1
1905969,2009-04-07T08:00:52.48Z,42.383,13.398,15.3,3.4,ML,322,75,-72,normal,model_prediction,moderate,0.85244298,high,acceptable,8,0.625
22471081,2019-06-16T13:40:54.97Z,46.3967,12.9967,7.9,3.1,ML,273,43,100,thrust,model_prediction,moderate,0.804047346,moderate,acceptable,11,0.818181818
21216991,2018-12-13T04:14:13.83Z,37.8122,14.1968,8.4,3.5,ML,261,41,-115,normal,model_prediction,moderate,0.862080455,high,acceptable,8,0.75
